Case Study Subject,Industry Category,Lookalike Company,Domain,Reason for Lookalike Match,International Expansion Signal,Priority Score
Talkdesk,Software - CCaaS,Five9,five9.com,"Leading CCaaS platform competitor, enterprise-grade contact center solution with AI/analytics focus","Operates globally, top-rated CCaaS solution (9.0 rating), expanding international contact center operations",9
Talkdesk,Software - CCaaS,Genesys Cloud CX,genesys.com,"Major enterprise CCaaS competitor, excels in AI and analytics, helping enterprises transition from legacy to cloud","Global enterprise customers, comprehensive international presence, multi-language contact center needs",9
Talkdesk,Software - CCaaS,Amazon Connect,aws.amazon.com/connect,"AWS-based CCaaS platform with deep integration capabilities, developer-focused approach","Global AWS infrastructure, serving international customers, localized in multiple regions",8
Therabody,Retail - Wellness/Recovery,Hyperice,hyperice.com,"Direct competitor in percussion massage and recovery tech (Hypervolt, Normatec), similar premium DTC positioning","Launched in 60+ countries, partnered with Nike internationally, expanding globally in sports recovery",10
Therabody,Retail - Wellness/Recovery,Pulseroll,pulseroll.com,"British wellness brand specializing in fitness technology and recovery products, international expansion from UK base","UK-based brand expanding internationally, needs localization for global markets",7
Therabody,Retail - Wellness/Recovery,MyoMaster,myomaster.co.uk,"Sports technology company offering massage guns, ice baths, compression therapy - similar product portfolio","Founded in UK (2020), expanding recovery products internationally to athletes globally",6
Secret Escapes,Luxury Travel,Voyage Priv√©,voyage-prive.com,"Direct competitor in flash sales for upscale travel experiences, members-only luxury travel deals","European-focused luxury travel platform operating across multiple countries, multilingual needs",9
Secret Escapes,Luxury Travel,Luxury Escapes,luxuryescapes.com,"Luxury travel deals platform with curated holiday packages, similar business model","Australian-based expanding internationally, operates in multiple markets with localized content",8
Secret Escapes,Luxury Travel,Mr & Mrs Smith,mrandmrssmith.com,"Boutique hotel booking platform, curated luxury accommodations globally","Global luxury hotel collection, operating in 100+ countries, needs multilingual hotel descriptions",7
Coinbase,Crypto,Kraken,kraken.com,"Major crypto exchange competitor serving 190+ countries, trusted brand since 2011","Operates in 190+ countries, multilingual platform, regulatory compliance across multiple jurisdictions",10
Coinbase,Crypto,Gemini,gemini.com,"Winklevoss-founded crypto exchange, regulatory-focused, serves individuals and institutions","US-based with international expansion, institutional clients globally, compliance-heavy documentation",8
Coinbase,Crypto,Bitstamp,bitstamp.net,"One of longest-running crypto exchanges (2011), regulatory alignment in US and Europe","European approvals, operating internationally since 2011, multilingual compliance requirements",8
British Airways,Travel - Airlines,Lufthansa,lufthansa.com,"Major international airline with extensive digital transformation initiatives, 'Know Me' personalization program","Operates globally in 80+ countries, multilingual booking/customer service, digital transformation leader",9
British Airways,Travel - Airlines,Delta Air Lines,delta.com,"International airline leader in digital transformation, mobile apps and customer personalization","International routes to 50+ countries, multilingual customer service, digital innovation focus",9
British Airways,Travel - Airlines,Virgin Atlantic,virginatlantic.com,"Premium international airline competitor to British Airways, digital customer experience focus","International routes, premium positioning, needs multilingual content for global markets",7
Lyft,Technology - Ride-sharing,Bolt,bolt.eu,"Operates in 45+ countries across Europe and Africa, 150M customers, multi-service mobility platform","Massive international expansion (45 countries), multilingual app in 100+ cities, food delivery localization",10
Lyft,Technology - Ride-sharing,Grab,grab.com,"Southeast Asia's leading ride-hailing platform, super-app with multiple services","Dominates Southeast Asia across 8 countries, multilingual platform, localized services per market",9
Lyft,Technology - Ride-sharing,Didi Chuxing,didiglobal.com,"Major Lyft competitor, significant international presence, Chinese ride-hailing giant","Operates internationally including Latin America, multilingual app, global expansion strategy",8
Fortune 500 Tech Co,Software - Enterprise,Salesforce,salesforce.com,"Enterprise software leader managing massive content volumes, global CRM platform","Operates in 150+ countries, multilingual platform, extensive documentation and training content",9
Fortune 500 Tech Co,Software - Enterprise,ServiceNow,servicenow.com,"Enterprise IT service management platform with global customers, complex product documentation","Global enterprise customers, multilingual knowledge base, international support content",8
Fortune 500 Tech Co,Software - Enterprise,Workday,workday.com,"Enterprise HR and finance software serving Fortune 500, global deployment requirements","International customers across 100+ countries, multilingual HCM/finance content, compliance docs",8
Pinterest,Internet - Social Media,Instagram,instagram.com,"Visual content discovery competitor, massive international user base, owned by Meta","Operates in 190+ countries, multilingual interface, localized content discovery algorithms",9
Pinterest,Internet - Social Media,Behance,behance.net,"Adobe's creative professional platform, visual portfolio and discovery, international creative community","Global creative community, multilingual portfolios, international design content discovery",7
Pinterest,Internet - Social Media,Dribbble,dribbble.com,"Design work showcase and discovery platform, vibrant international design community","International designer community, global marketplace, multilingual platform needs",6
Vitamix,Manufacturing - Kitchen,Blendtec,blendtec.com,"Primary premium blender competitor, similar $400+ price point, professional-grade appliances","US-based expanding internationally, used by Jamba Juice globally, needs international product content",8
Vitamix,Manufacturing - Kitchen,Breville,breville.com,"Australian premium kitchen appliance brand, global distribution, design-forward products","Australian brand with global presence, sells in 70+ countries, multilingual product manuals and content",9
Vitamix,Manufacturing - Kitchen,Zwilling,zwilling.com,"German premium kitchen brand (Enfinigy line), design-forward appliances, international heritage","German brand with 290+ year history, operates globally in 100+ countries, multilingual product content",8
