Vertical,Company,What They Do,Employees,Funding,HQ,Pain Angle
Fintech,Unit,Banking-as-a-Service APIs for embedded finance,200-400,Series B+,San Francisco,BaaS platform where a code vulnerability exposes every downstream fintech customer's banking data. SOC 2 + banking regulators.
Fintech,Modern Treasury,Payment operations platform (ACH wires real-time payments),200-350,Series C+,San Francisco,Moves real money in real time. Code vulnerability = direct financial exposure. SOC 2 Type II required.
Fintech,Argyle,Income and employment verification via payroll APIs,150-300,Series B+ ($208M raised),New York,Handles W-2 data pay stubs employment records. API vulnerability leaks income data across lending/mortgage customers.
Fintech,Highnote,Developer-friendly card issuing platform,100-200,$54M raised,San Francisco,Card processing infrastructure must be PCI-compliant. Founded by PayPal alums every transaction runs through their code.
Fintech,Rho,Corporate banking and treasury automation,~200,Series B ($200M+ raised),New York,Holds corporate deposits issues cards manages AP. Banking regulations require airtight code security.
Fintech,Sardine AI,Fraud prevention platform for fintech/crypto,100-300,Series C ($145M total),San Francisco,300+ enterprise customers 70 countries. Code vulnerability could disable fraud checks or leak detection logic.
Fintech,Parallel Markets,Accredited investor verification for alternative investments,100-200,Series B,New York,Processes financial statements tax returns brokerage accounts for high-net-worth individuals.
Fintech,Slope,B2B Buy-Now-Pay-Later with developer APIs,50-150,Series A ($24M),San Francisco,API approves business credit instantly. Vulnerability could enable fraud or leak payment data across B2B merchants.
AI/ML,Modal Labs,Serverless GPU cloud for AI developers,100-200,Series B ($87M / $1.1B val),New York,Customers run proprietary ML models and training data. Vulnerability could expose model weights or enable compute theft.
AI/ML,Snorkel AI,Data-centric AI platform for ML training,100-200,Series C ($85M / $1B val),Palo Alto,Handles proprietary training datasets for Fortune 500. Breach exposes confidential data used for competitive AI models.
AI/ML,Abacus.AI,Enterprise AI platform (chatbots forecasting personalization),100-300,Series B+,San Francisco,Customers integrate into sensitive business workflows. Code vulnerabilities could leak customer data or model IP.
AI/ML,Beam Cloud,Serverless GPU platform for AI workloads,30-100,Series A,San Francisco,Python SDK for developer workflows. Vulnerability could enable GPU hijacking model theft or data exfiltration.
AI/ML,Heron Data,Document AI for financial services,50-130,Series A ($16.6M),San Francisco,Processes bank statements and financial documents for 130+ fintechs. Code vulnerability leaks PII across lending clients.
B2B SaaS (Sensitive Data),Drata,Compliance automation (SOC 2 ISO 27001 HIPAA),400-800,Series C+ ($328M / unicorn),San Diego,Connects to customers' AWS GitHub Okta to collect security evidence. Compliance tool with a breach is existential PR risk.
B2B SaaS (Sensitive Data),Candid Health,Medical billing automation APIs,200-400,Series B+,San Francisco,HIPAA-regulated handling PHI and billing data. Vulnerability exposes patient data triggers massive HIPAA fines.
B2B SaaS (Sensitive Data),ChartHop,People analytics and org planning platform,100-250,Series B ($35M),New York,Stores salary data equity grants performance reviews. Breach exposes the most sensitive HR data a company has.
B2B SaaS (Sensitive Data),Chainguard,Software supply chain security (secure container images),100-200,Series A ($50M),Seattle,Sells secure by default. If their own code has AI-generated vulnerabilities it undermines their entire value prop.
B2B SaaS (Sensitive Data),Column Tax,Embedded tax software for fintech apps,30-80,Series A ($21.7M),New York,Handles SSNs income data tax returns. One code vulnerability = breach of tax PII for thousands of users.
B2B SaaS (Sensitive Data),Vanta,Automated security compliance,400-700,Series C+ ($1.6B val),San Francisco,Connects to customer infrastructure to monitor compliance. Breach exposes customer security posture data.
Healthtech,Headway,Mental health provider network and practice management,500-800,Series C+,New York,Mental health data for hundreds of thousands of patients. HIPAA-regulated. 500K+ appointments/month.
Healthtech,Medallion,Provider credentialing and network management,100-250,Series B ($43M),San Francisco,AI-powered credentialing. Stores provider licenses payer enrollment sanction monitoring data across hundreds of orgs.
Healthtech,Incredible Health,Healthcare job marketplace (hospital staffing),200-400,Series C ($80M / unicorn),San Francisco,Healthcare worker credentials employment history background check data. SOC 2 likely required by hospital customers.
Healthtech,Vivian Health,Healthcare jobs marketplace (travel nursing),300-500,Series B ($60M / Thoma Bravo),New York,1.9M clinicians on platform. Stores credentials licenses employment preferences for millions of nurses.
Healthtech,Osmind,EHR for neuropsychiatric clinics,~55,Series A (YC-backed),San Francisco,Mental health records are the most sensitive health data. Small team likely shipping fast with AI tools. HIPAA critical.
Corporate Tech,Navan,Corporate travel and expense management,~1200,Series F+ ($1.8B raised),Palo Alto,SOC 2 Type II + PCI-DSS compliant. Handles corporate card data travel itineraries expense reports.
