Lead Type,Case Study Reference,Industry Category,Account Name,Domain,Score,Tier,Reason for Inclusion,Pain Points / Signals,Budget Signal
Original Research,,SaaS - Fintech,Brex,brex.com,10,1,"Secured EU Payment Institution license in Aug 2025, expanding to all 30 EU countries. Planning UK expansion. Previously could only serve companies with US presence—now need to localize for European markets ASAP.","Scaling to 30 new countries simultaneously, need multilingual compliance docs, customer support in local languages","Eyes $500M revenue, IPO prep, dozen team members in Europe"
Original Research,,SaaS - Design,Canva,canva.com,10,1,"220M users in 100+ languages across 190 countries. Added 700K+ templates for non-English languages in 2024. Expanding AI to 16 languages. Deepening focus on India, Indonesia, Brazil in 2025.","Managing content at massive scale (2.3M local elements added in 6 months), maintaining brand consistency across 100+ languages","Massive scale, enterprise customers, ongoing localization partnership with RWS"
Original Research,,SaaS - HR/Payroll,Rippling,rippling.com,10,1,"DOUBLED EOR footprint from 40 to 80 countries in 2024-2025. Added native payroll in India, Singapore, Australia. 20K+ customers need global HR docs, compliance materials.","Localized compliance content for 80 countries, native payroll documentation, employee onboarding materials in local languages","$32B valuation (Nov 2025), rapid expansion"
Original Research,,SaaS - Productivity,Notion,notion.so,9,1,"100M users globally, 50%+ of Fortune 500 use it. Opened UK, Paris, Munich offices in 2024-2025. Launched localized Japanese product. EMEA has tens of millions of users.","Product localization beyond Japanese, European market templates/content, adapting to regional business practices","$10B+ valuation, aggressive EMEA hiring"
Original Research,,SaaS - Marketing,Klaviyo,klaviyo.com,9,1,"42% YoY international growth (Q1 2025). 34% of revenue from EMEA/APAC. Expanded to 7 languages, SMS in 19 countries. New co-CEO focused on global enterprise scaling.","Scaling marketing automation content across 7 languages, SMS compliance content for 19 markets, enterprise customer onboarding","$293M quarterly revenue, public company, Dublin office opening"
Original Research,,E-commerce - Marketplace,Faire,faire.com,9,1,"Expanded to 35 markets in 2025, adding New Zealand + 14 European countries. Europe growing 2x faster than North America. 100K brands, 700K retailers need multilingual marketplace.","Marketplace localization for 35 countries, seller/buyer communications in local languages, product descriptions at scale","European retailers spent $500M to date, 2M+ orders fulfilled"
Original Research,,SaaS - Design,Figma,figma.com,8,2,"85% of users outside US, 50% revenue from non-US markets. Localized for Spanish market in 2024, Japan before that. Planning additional languages throughout the year.","Product localization for design tool (UI-heavy), culturally adapted interfaces, community content translation","Adobe acquisition fell through, still valued at $20B"
Original Research,,Fintech - API,Plaid,plaid.com,8,2,"Operating in 20 countries, strong transatlantic expansion focus. Seeing renewed interest in US↔Europe expansion. 500M consumer accounts worldwide, 12K+ financial institutions.","Financial compliance documentation across 20 countries, developer documentation for global API users, regulatory content","$400M secondary raise expected, IPO prep"
Original Research,,SaaS - HR/Payroll,Gusto,gusto.com,8,2,"Launched Gusto Global (EOR) in 2025 for 120+ countries via Remote partnership. Started with Canada, India, Philippines. $500M ARR milestone.","HR/payroll content for 120 countries, employee onboarding materials, compliance docs, benefits explanations","$500M ARR, 33% growth rate, pricing at $599/employee/month"
Original Research,,SaaS - Marketing,Attentive,attentive.com,8,2,"UK/Australia revenue grew 125% YoY in 2024. $500M ARR reached. Delivers messages to 20+ countries. Actively expanding internationally.","SMS marketing compliance content for 20+ countries, customer success materials for UK/AU markets, product localization","$500M ARR, expanding international teams"
Original Research,,SaaS - Creator Economy,Beehiiv,beehiiv.com,7,2,"140K newsletters (60%+ growth in 2025), $28M revenue nearly doubled. Competing with Substack internationally. Creator economy is global.","Platform localization for newsletter creators worldwide, help docs in multiple languages, creator onboarding content","$225M valuation, $12.5M Series A, revenue momentum"
Original Research,,SaaS - Creator Economy,Substack,substack.com,7,2,"5M paid subscriptions (67% YoY growth). International growth listed as top priority. Sportswriters and content expanding globally.","Writer/creator platform localization, payment/subscription content for global markets, discovery/recommendation content","$1.1B valuation, prioritizing international expansion"
Original Research,,SaaS - CMS,Contentful,contentful.com,7,3,"Headless CMS for international digital properties. Enterprise customers managing multilingual content at scale. 78% conversion boost, 10x content production for customers.","Help customers manage translations better, own product localization, enterprise customer support globally","Enterprise-focused, headless CMS market growing to $3B by 2030"
Original Research,,SaaS - No-Code,Webflow,webflow.com,7,3,"Offers localization tools, integrates with Smartling/Lokalise/Phrase. But likely needs internal localization for product/marketing as they expand globally.","Product UI localization, template marketplace in multiple languages, customer education content","High-growth no-code platform, enterprise tier"
Original Research,,SaaS - Developer Tools,Retool,retool.com,6,3,"10K+ companies worldwide including Amazon, Stripe, Brex. Developer tool expanding to enterprises globally.","Developer documentation translation, product localization for international dev teams, enterprise customer content","Enterprise customers, developer-focused (fits Smartling's dev-friendly positioning)"
Original Research,,SaaS - Productivity,Calendly,calendly.com,6,3,"$3B valuation, 20M+ users, 86% of Fortune 500 use it. Global user base but limited localization info found.","Scheduling across timezones/cultures, enterprise customer support globally, product localization","$3B valuation, 100K+ businesses"
Original Research,,SaaS - E-commerce,Gorgias,gorgias.com,6,3,"40% of top 250 Shopify stores use it. Supports multi-brand and multi-language. E-commerce focused, merchants expanding globally.","Customer support content for e-commerce brands in multiple markets, help center localization, agent training content","E-commerce SaaS boom, Shopify ecosystem growth"
Original Research,,SaaS - Collaboration,Miro,miro.com,6,3,"Collaboration platform with global user base. Used by enterprise customers across multiple countries.","Product localization for collaboration tool, template marketplace, enterprise customer success globally","High-growth collaboration space, enterprise customers"
Original Research,,SaaS - No-Code,Airtable,airtable.com,6,3,"Low-code database platform with global enterprise customers. Likely expanding product internationally.","Product localization, template marketplace in multiple languages, enterprise documentation","$11B valuation (last reported), enterprise growth"
Original Research,,SaaS - HR,Lattice,lattice.com,6,3,"Expanded to Europe in 2021 with £110M UK investment. 5K+ organizations worldwide. 400+ international customers = 12%+ of revenue.","HR performance management content across cultures, European market localization, customer success materials","$127M revenue, actively building international HRIS features"
Original Research,,SaaS - Developer Tools,Supabase,supabase.com,6,4,"Open-source Firebase alternative running in 16 AWS regions globally. Developer platform with international user base.","Developer documentation translation, community content, dashboard localization for global dev teams","High-growth developer platform, enterprise tier launching"
Original Research,,SaaS - Developer Tools,Vercel,vercel.com,6,4,"Global CDN, frontend platform with worldwide developer users. International infrastructure requires global content.","Developer docs in multiple languages, dashboard localization, enterprise customer support globally","Enterprise customers, AWS partnership"
Original Research,,SaaS - Project Management,Linear,linear.app,5,4,"Project management for tech teams globally. Clean, developer-focused tool likely expanding internationally with customer base.","Product localization for development teams, documentation for global engineering orgs","High-growth developer tool, enterprise adoption"
Original Research,,SaaS - Project Management,ClickUp,clickup.com,5,4,"All-in-one project management with global user base. Multilingual semantic AI search launched in Fall 2025 shows localization priority.","Product localization for project management, template marketplace, AI features across languages","Affordable pricing ($7/user), high user volume, AI investment"
Original Research,,E-commerce - Ecosystem,Shopify Plus Ecosystem,Various,5,4,"Shopify merchants expanding to 150+ countries via Shopify Markets. App partners need to support merchants' international growth.","App localization to support merchants in multiple markets, merchant-facing content, compliance documentation","Shopify ecosystem boom, merchants demanding international capabilities"
Case Study Lookalike,Talkdesk,Software - CCaaS,Five9,five9.com,9,,"Leading CCaaS platform competitor, enterprise-grade contact center solution with AI/analytics focus","Operates globally, top-rated CCaaS solution (9.0 rating), expanding international contact center operations",Enterprise-grade with global operations
Case Study Lookalike,Talkdesk,Software - CCaaS,Genesys Cloud CX,genesys.com,9,,"Major enterprise CCaaS competitor, excels in AI and analytics, helping enterprises transition from legacy to cloud","Global enterprise customers, comprehensive international presence, multi-language contact center needs",Fortune 500 customers globally
Case Study Lookalike,Talkdesk,Software - CCaaS,Amazon Connect,aws.amazon.com/connect,8,,"AWS-based CCaaS platform with deep integration capabilities, developer-focused approach","Global AWS infrastructure, serving international customers, localized in multiple regions",AWS global infrastructure backing
Case Study Lookalike,Therabody,Retail - Wellness/Recovery,Hyperice,hyperice.com,10,,"Direct competitor in percussion massage and recovery tech (Hypervolt, Normatec), similar premium DTC positioning","Launched in 60+ countries, partnered with Nike internationally, expanding globally in sports recovery","60+ countries, Nike partnership, professional sports teams"
Case Study Lookalike,Therabody,Retail - Wellness/Recovery,Pulseroll,pulseroll.com,7,,"British wellness brand specializing in fitness technology and recovery products, international expansion from UK base","UK-based brand expanding internationally, needs localization for global markets",UK brand with international expansion
Case Study Lookalike,Therabody,Retail - Wellness/Recovery,MyoMaster,myomaster.co.uk,6,,"Sports technology company offering massage guns, ice baths, compression therapy - similar product portfolio","Founded in UK (2020), expanding recovery products internationally to athletes globally",UK-based startup expanding globally
Case Study Lookalike,Secret Escapes,Luxury Travel,Voyage Privé,voyage-prive.com,9,,"Direct competitor in flash sales for upscale travel experiences, members-only luxury travel deals","European-focused luxury travel platform operating across multiple countries, multilingual needs",Multi-country European operations
Case Study Lookalike,Secret Escapes,Luxury Travel,Luxury Escapes,luxuryescapes.com,8,,"Luxury travel deals platform with curated holiday packages, similar business model","Australian-based expanding internationally, operates in multiple markets with localized content",Australian base expanding to Asia-Pacific
Case Study Lookalike,Secret Escapes,Luxury Travel,Mr & Mrs Smith,mrandmrssmith.com,7,,"Boutique hotel booking platform, curated luxury accommodations globally","Global luxury hotel collection, operating in 100+ countries, needs multilingual hotel descriptions",100+ countries of hotel listings
Case Study Lookalike,Coinbase,Crypto,Kraken,kraken.com,10,,"Major crypto exchange competitor serving 190+ countries, trusted brand since 2011","Operates in 190+ countries, multilingual platform, regulatory compliance across multiple jurisdictions","190+ countries, tens of millions of clients"
Case Study Lookalike,Coinbase,Crypto,Gemini,gemini.com,8,,"Winklevoss-founded crypto exchange, regulatory-focused, serves individuals and institutions","US-based with international expansion, institutional clients globally, compliance-heavy documentation",Institutional focus with global clients
Case Study Lookalike,Coinbase,Crypto,Bitstamp,bitstamp.net,8,,"One of longest-running crypto exchanges (2011), regulatory alignment in US and Europe","European approvals, operating internationally since 2011, multilingual compliance requirements",US and Europe regulatory approvals
Case Study Lookalike,British Airways,Travel - Airlines,Lufthansa,lufthansa.com,9,,"Major international airline with extensive digital transformation initiatives, data analytics and personalization","Operates globally in 80+ countries, multilingual booking/customer service, digital transformation leader","80+ countries, digital transformation investment"
Case Study Lookalike,British Airways,Travel - Airlines,Delta Air Lines,delta.com,9,,"International airline leader in digital transformation, mobile apps and customer personalization","International routes to 50+ countries, multilingual customer service, digital innovation focus","50+ countries, mobile app innovation"
Case Study Lookalike,British Airways,Travel - Airlines,Virgin Atlantic,virginatlantic.com,7,,"Premium international airline competitor to British Airways, digital customer experience focus","International routes, premium positioning, needs multilingual content for global markets",Premium international carrier
Case Study Lookalike,Lyft,Technology - Ride-sharing,Bolt,bolt.eu,10,,"Operates in 45+ countries across Europe and Africa, 150M customers, multi-service mobility platform","Massive international expansion (45 countries), multilingual app in 100+ cities, food delivery localization","45+ countries, 150M customers, 3M drivers"
Case Study Lookalike,Lyft,Technology - Ride-sharing,Grab,grab.com,9,,"Southeast Asia's leading ride-hailing platform, super-app with multiple services","Dominates Southeast Asia across 8 countries, multilingual platform, localized services per market","8 Southeast Asian countries, super-app platform"
Case Study Lookalike,Lyft,Technology - Ride-sharing,Didi Chuxing,didiglobal.com,8,,"Major Lyft competitor, significant international presence, Chinese ride-hailing giant","Operates internationally including Latin America, multilingual app, global expansion strategy",Chinese giant with Latin America expansion
Case Study Lookalike,Fortune 500 Tech Co,Software - Enterprise,Salesforce,salesforce.com,9,,"Enterprise software leader managing massive content volumes, global CRM platform","Operates in 150+ countries, multilingual platform, extensive documentation and training content","150+ countries, Fortune 500 customers"
Case Study Lookalike,Fortune 500 Tech Co,Software - Enterprise,ServiceNow,servicenow.com,8,,"Enterprise IT service management platform with global customers, complex product documentation","Global enterprise customers, multilingual knowledge base, international support content",Global enterprise IT service leader
Case Study Lookalike,Fortune 500 Tech Co,Software - Enterprise,Workday,workday.com,8,,"Enterprise HR and finance software serving Fortune 500, global deployment requirements","International customers across 100+ countries, multilingual HCM/finance content, compliance docs","100+ countries, Fortune 500 HR/finance platform"
Case Study Lookalike,Pinterest,Internet - Social Media,Instagram,instagram.com,9,,"Visual content discovery competitor, massive international user base, owned by Meta","Operates in 190+ countries, multilingual interface, localized content discovery algorithms","190+ countries, Meta-owned, billions of users"
Case Study Lookalike,Pinterest,Internet - Social Media,Behance,behance.net,7,,"Adobe's creative professional platform, visual portfolio and discovery, international creative community","Global creative community, multilingual portfolios, international design content discovery",Adobe-owned creative platform
Case Study Lookalike,Pinterest,Internet - Social Media,Dribbble,dribbble.com,6,,"Design work showcase and discovery platform, vibrant international design community","International designer community, global marketplace, multilingual platform needs",International design community
Case Study Lookalike,Vitamix,Manufacturing - Kitchen,Blendtec,blendtec.com,8,,"Primary premium blender competitor, similar $400+ price point, professional-grade appliances","US-based expanding internationally, used by Jamba Juice globally, needs international product content","Professional-grade, international foodservice"
Case Study Lookalike,Vitamix,Manufacturing - Kitchen,Breville,breville.com,9,,"Australian premium kitchen appliance brand, global distribution, design-forward products","Australian brand with global presence, sells in 70+ countries, multilingual product manuals and content","70+ countries, Australian heritage brand"
Case Study Lookalike,Vitamix,Manufacturing - Kitchen,Zwilling,zwilling.com,8,,"German premium kitchen brand (Enfinigy line), design-forward appliances, international heritage","German brand with 290+ year history, operates globally in 100+ countries, multilingual product content","100+ countries, 290+ year German heritage"
